From,Entry,Sequence
CAA44001.1,low_molecular_weight_globulin,"MASNKVVFSALLLIIVSVLRRDGTMADHHKDQVVYSLGERCQPGMGYPMYSLPRCRAVVKRQCVGHGAPG
AVDEQLRQDCCRQLAAVDDSWCRCSALNHMVGGIYRELGATDVGHPMAEVFPGCRRGDLERAAASLPAFC
NVDIPNGTGGVCYWLGYPRTPRTGH"
QJD46727.1,19_kDa_globulin,"MASKVVFFAAALMAAMVAISGAQLSESEMRFRDRQCQREVQDSPLDACRQVLDRQLTGRERFQPMFRRPG
ALGLRMQCCQQLQDVSRECRCAAIRRMVRSYEESMPMPLEQGWSSSSSEYYGGEGSSSEQGYYGEGSSEE
GYYGEQQQQPGMTRVRLTRARQYAAQLPSMCRVEPQQCSIFAAGQY"
AAA66495.1,beta_tubulin,"MREILHIQGGQCGNQIGAKFWEVVCDEHGIDPTGRYTGNSDLQLERVNVYYNEASCGRFVPRAVLMDLEP
GTMDSVRTGPYGQIFRPDNFVFGQSGAGNNWAKGHYTEGAELIDSVLDVVRKEAENCDCLQGFQVCHSLG
GGTGSGMGTLLISKIREEYPDRMMLTFSVFPSPKVSDTVVEPYNATLSVHQLVENADECMVRDNEALYDI
CFRTLKLTTPSFGDLNHLISATMSGVTCCLRFPGQLNSDLRKLAVNLIPFPRLHFFMVGFAPLTSRGSQQ
YRALTVPELTQQMWDAKNMMCAADPRHGRYLTASAMFRGKMSTKEVDEQMINVQNKNSSYFVEWIPNNVK
SSVCDIPPRGLSMASTFIGNSTSIQEMFRRVSEQFTAMFRRKAFLHWYTGEGMDEMEFTEAESNMNDLVS
EYQQYQDATADEEGEYEDEEQQEADDM"
AAB92557.1,gamma_tubulin,"MPREIITIQVGQCGNQIGMEFWKQLCLEHGIGKDGLLEDFATQGGDRKDVFFYQADDQHYIPRALLVDLE
PRVINGIQNSEYRNLYNHENIFVAEHGGGAGNNWASGYHQGEQVVDDIMDMIDREADGSDSLEGFVLCHS
IAGGTGSGMGSYLLETLNDRYSKKLVQTYSVFPNQMETSDVVVQPYNSLLTLKRLTLNADCVVVLDNTAL
NRIAVERLHLANPTFAQTNSLVSTVMSASTTTLRYPGYMNNDLVGLLASLIPTPRCHFLMTGYTPLTVER
QVNMIRKTTVLDVMRRLLQTKNIMVSSYARNKEASQAKYISILNIIQGEVDPTQVHESLQRIRERKLVNF
IEWGPASIQVALSRKSPYVQTTHRVSGLMLANHTSIRHLFSKCLGQYEKLRKKQAFLDNYRKFPMFEDND
LSEFDESREIIESLVDEYKACESPDYIKWGMEDAGEANVAAALDSKLVV"
AAG16905.1,alpha_tubulin,"MRECISIHIGQAGIQVGNACWELYCLEHGIQADGQMPSDRTVGGGDDAFNTFFSETGAGKHVPRAVFVDL
EPTVIDEVRTGCYRQLFHPEQLINGKEDAANNFARGHYTIGKEIVDLCLDRIRKLADNCTGLQGFLVFNA
VGGGTGSGLGSLLLERLSVDYGKKSKLGFTVYPSPQVSTSVVEPYNSVLSTHSLLEHTDVAVLLDNEAIY
DICRRSLDIERPTYTNLNRLVSQVISSLTASLRFDGALNVDVNEFQTNLVPYPRIHFMLSSYAPVISAEK
AYHEQLSVAEITNSAFEPSSMMAKCDPRHGKYMACCLMYRGDVVPKDVNAAVATIKTKRTIQFVDWCPTG
FKCGINYQPPSVVPSGDLAKVQRAVCMISNSTSVVEVFSRIDHKFDLMYSKRAFVHWYVGEGMEEGEFSE
AREDLAALEKDYEEVGAESDENEDGDDGDEY"
AAB84298.1,tubulin_indica,"MRECISIHIGQAGIQVGNACWELYCLEHGIQADGQMPSDRTVGGGDDAFNTFFSETGAGKHVPRAVFVDL
EPTVIDEVRTGLYRQFFHPEQLINGKEDAANNFARGHYTIGKEIVDLCLDRIRKLADNCTGLQGFLVFNA
VGGGTGSGLGSLLLERLSVDYGKKSKLGFTVYPSPQVSTSVVEPYNSVLSTHSLLEHTDVAVLLDNEAIY
DICRRSLEIERPTYTNLNRLVSQVISSLTASLRFDGALNVDVNEFQTNLVPYPRIHFMLSSYAPVISAEK
AYHEQLSVAEITNSAFEPSSMMAKCDPRHGKYMACCLMYRGDVVPKDVNAAVATIKTKRTIQFVDWCPTV
FKCGIIYQPSSVVPSGDLAKVQRAVFMISNSTSVVEVFSRIDHKFDLMYAKRAFVHWYVGEGMEEGEFSE
AREDLAALEKDHEEVGAESDENEDGDDGDEY"
CAA38211.1,glutelin_1,"MATIKFPIVFFVVCLFLLCNGSLAQLLSQSTSQWQSSRRGSPRECRFDRLQAFEPIRTVRSQAGTTEFFD
VSNELFQCTGVFVVRRVIEPRGLLLPHYSNGATLVYVIQGRGITGPTFPGCPETYQQQFQQSEQDQQLEG
QSQSHKFRDEHQKIHRFQQGDVVALPAGVAHWCYNDGDAPIVAIYVTDIYNSANQLDPRHRDFFLAGNNK
IGQQLYRYEARDNSKNVFGGFSVELLSEALGISSGVARQLQCQNDQRGEIVRVEHGLSLLQPYASLQEQQ
QEQVQSRDYGQTQYQQKQLQGSCSNGLDETFCTMRVRQNIDNPNLADTYNPRAGRITYLNGQKFPILNLV
QMSAVKVNLYQNALLSPFWNINAHSVVYITQGRARVQVVNNNGKTVFDGELRRGQLLIIPQHHVVIKKAQ
REGCSYIALKTNPDSMVSHMAGKNSIFRALPDDVVANAYRISREEARRLKHNRGDELGVFTPSHAYKSYQ
DISVSA"
CAA38212.1,glutelin_2,"MASSVFSRFSIYFCVLLLCHGSMAQLFNPSTNPWHSPRQGSFRECRFDRLQAFEPLRKVRSEAGVTEYFD
EKNELFQCTGTFVIRRVIQPQGLLVPRYTNIPGVVYIIQGRGSMGLTFPGCPATYQQQFQQFSSQGQSQS
QKFRDEHQKIHQFRQGDIVALPAGVAHWFYNDGDRHIVAVYVYDVNNNANQLEPRQKEFLLAGNNNRAQQ
QQVYGSSIEQHSGQNIFSGFGVEMLSEALGINAVAAKRLQSPNDQRGEIIHVKNGLQLLKPTLTQQQEQA
QAQDQYQQVQYSERQQTSSRWNGLEENFCTIKVRVNIENPSRADSYNPRAGRITSVNSQKFPILNLIQMS
ATRVNLYQNAILSPFWNVNAHSLVYMIQGRSRVQVVSNFGKTVFDGVLRPGQLLIIPQHYAVLKKAEREG
CQYIAIKTNANTFVSHLAGKNSVFRALPVDVVANAYRISREQARSLKNNRGEEHGAFTPRFQQQYYPGLS
NESESETSE"
CAA32706.1,preglutelin,"MASSVFSRFSIYFCVLLLCHGSMAQLFNPSTNPWHSPRQGSFRECRFDRLQAFEPLRKVRSEAGVTEYFD
EKNELFQCTGTFVIRRVIQPQGLLVPRYTNIPGVVYIIQGRGSMGLTFPGCPATYQQQFQQFSSQGQSQS
QKFRDEHQKIHQFRQGDIVALPAGVAHWFYNDGDRHIVAVYVYDVNNNANQLEPRQKEFLLAGNNNRAQQ
QQVYGSSIEQHSGQNIFSGFGVEMLSEALGINAVAAKRLQSPNDQRGEIIHVKNGLQLLKPTLTQQQEQA
QAQDQYQQVQYSERQQTSSRWNGLEENFCTIKVRVNIENPSRADSYNPRAGRITSVNSQKFPILNLIQMS
ATRVNLYQNAILSPFWNVNAHSLVYMIQGRSRVQVVSNFGKTVFDGVLRPGQLLIIPQHYAVLKKAEREG
CQYIAIKTNANTFVSHLAGKNSVFRALPVDVVANAYRISREQARSLKNNRGEEHGAFTPRFQQQYYPGLS
NESESETSE"
AGT59178.1,glutelin_indica,"MASSVFSRFSIYFCVLLLCHGSMAQLFNPSTNPWHSPRQGSFRECRFDRLQAFEPLRKVRSEAGVTEYFD
EKNELFQCTGTFVIRRVIQPQGLLVPRYTNTPGVVYIIQGRGSMGLTFPGCPATYQQQFQQFSSQGQSQS
QKFRDEHQKIHQFRQGDIVALPAGVAHWFYNDGDAPVVAVYVYDVNNNANQLEPRQKEFLLAGNNNRAQQ
QQVYGSSIEQHSGQNIFSGFGVEMLSESLGINAVAAKRLQSQNDQRGEIIHVKNGLQLLKPTLTQQQEQA
QAQDQYQQVQYSERQQTSSRWNGLEENFCTIKARVNIENPSRADSYNPRAGRITSVNSQKFPILNLIQMS
ATRVNLYQNAILSPFWNVNAHSLVYMIQGRSRVQVVSNFGKTVFDGVLRPGQLLIIPQHYAVLKKAEREG
CQYIAIETNANAFVSHLAGKNSVFRALPVDVVANAYRISREQARSLKNNRGEEHGAFTPRFQQQYYPGLS
NESESETSE"
AAK53839.1,Putative_cullin_1,"MATHERKTIDLEQGWEFMQKGITKLKNILEGKPEPQFSSEDYMMLYTTIYNMCTQKPPHDYSQQLYEKYR
ESFEEYITSMVLPSLREKHDEFMLRELVKRWSNHKVMVRWLSRFFHYLDRYFISRRSLPQLSEVGLSCFR
DLVYQEIKGKVKSAVISLTYFLEQIDQEREGEQIDRALLKNVLDIFVEIGLTSMDYYENDFEDFLLKDTA
DYYSIKAQTWILEDSCPDYMLKAEECLKREKERVAHYLHSSSEQKLLEKVQHELLTQYASQLLEKEHSGC
HALLRDDKVDDLSRMYRLFSRITRGLEPVSQIFKQHVTNEGTALVKQAEDAASNKKPEKKEIVGLQEQVF
VRKIIELHDKYVAYVTDCFQGHTLFHKALKEAFEVFCNKGVSGSSSAELLATFCDNILKKGGSEKLSDEA
IEDTLEKVVRLLAYISDKDLFAEFYRKKLARRLLFDKSANDEHERSILTKLKQQCGGQFTSKMEGMVTDL
TVARDHQAKFEEFISTHSELNPGIALAVTVLTTGFWPSYKSFDINLPAEMVKCVEVFKEFYQTRTKHRKL
TWIYSLGTCNINAKFEAKTIELIVTTYQAALLLLFNGVDRLSYSEIVTQLNLSDDDVVRLLHSLSCAKYK
ILSKEPNNRSISPNDVFEFNSKFTDKLRRLKIPLPPVDEKKKVVEDVDKDRRYAIDASIVRIMKSRKVLG
HQQLVMECVEQLGRMFKPDFKAIKKRIEDLITRDYLERDKDNPNVYRYLA"
AAK53842.1,Putative_cullin_2,"MNMSPRIPVVDLEDGWRDVLAGVAKLKCILDGSNVVHFVPDEYMHLYTTVYNMCTQKPPNDYSQVLYDRY
KQALDDHIESVVLPSLNEKHGVFLLREIVQRWEKHKLMVRWLRRFFDYLDRYYVTRRSLDSLKDLGWSSF
RDLVFDKLKSTVATIMIGMIDDEREGNLIDRPLLKNALDIYVEIGDSQLNYYSDDFEQSFLNGTTDYYSK
KAQTWILENSCPEYMLKAEECLQKEKDRVANYLHSTTEPKLFAAALFELIDRRAEEILNKENSGCKVLLC
DEKTEDLARMFRLFSRITDGLLPVSKIFKEHVIAEGMSLLKHATDAANSRKDEKKGVVVGLPEQDFVRSV
IELHDKYMAYVTNCFQSNSVFHKALKEAFEVICNKDVVGCSSAELFAAYCDSILKRGGSEKLSDEAIDES
LEKVVKLLTYLSDKDLFVEFHRKKLGRRLLFDKNTNDEHERILLSKLKQFFGGQFTSKMEGMLKDITLAK
EHQSSFEEYVSNNPESNPLIDLNVTVLTTGYWPTYKNSDINLPLEMVKCVEVFKEYYRSDKQHRKLTWIF
SLGNCVVIGNFDAKPVEFVLNTYQAALLLLFNEADKLSYSDIVSQLKLSDDDAVRLLHSLSCAKYKILNK
EPSNRVISPEDEFEFNSKFTDRMRRIKVPLPQIDEKKKVVDDVNKDRRFAIDASLVRIMKSRKVLGHQQL
VAECVEQLSRMFKPDIKIIKRRIEDLISREYLERDSENAQTYKYLA"
BAA36697.1,prolamin_1,"MKIIFVFALLAIVACNASARFDALSQSYRQYQLQSHLLLQQQVLSPCSEFVRQQHSIVATPFWQPATFQL
INNQVMQQQCCQQLRLVAQQSHYQAISSVQAIVQQLQLQQVGVVYFDQTQAQAQALLALNLPSICGIYPN
YYIAPRSIPTVGGVWY"
AAA50318.1,prolamin_indica_1,"MAAYTSKIFALFALIALSASATTAITTMQYFPPTLAMGTMDPCRQYMMQTLGMGSSTAMFMSQPMALLQQ
QCCMQLQGMMPQCHCGTSCQMMQSMQQVICAGLGQQQMMKMAMQMPYMCNMAPVNFQLSSCGCC"
AAW80678.1,prolamin_indica_2,"MKIIFVFALLAIAACSASAQFDVLGQSYRQYQLQSPVLLQQQVLSPYNEFVRQQYGIAASPFLQSAAFQL
RNNQVWQQLALVAQQSHYQDINIVQAIAQQLQLQQFGDLYFDRNLAQAQALLAFNVPSRYGIYPRYYGAP
STITTLGGVL"
AAA57044.1,cyclophilin_1,"MASKNPKVFFDILIGKARAGRVVMELFADTVPKTAENFRCLCTGEKGLGASGKPLHYKGSAFHRIIPNFM
CQGGDFTRGNGTGGESIYGDRFADENFKLRHTGPGVLSMANAGPNTNGSQFFICTTRTTWLDGKHVVFGK
VVDGYTVVEKMEQVGSGSGGTAERVLIEDCGQLADDHAN"
AAA57045.1,cyclophilin_2,"MSNTRVFFDMTVGGAPAGRIVMELYAKDVPRTAENFRALCTGEKGVGKSGKPLHYKGSTFHRVIPEFMCQ
GGDFTRGNGTGGESIYGEKFADEVFKFKHDSPGILSMANAGPNTNGSQFFICTVPCSWLDGKHVVFGRVV
EGMDVVKAIEKVGSRGGSTAKPVVIADCGQLS"
ABF18676.1,cyclophilinA_indica,"MSNTRVFFDMTVGGAPAGRIVMELYAKDVPRTAENFRALCTGEKGVGKSGKPLHYKGSTFHRVIPEFMCQ
GGDFTRGNGTGGESIYGEKFADEVFKFKHDSPGILSMANAGPNTNGSQFFICTVPCSWLDGKHVVFGRVV
EGMDVVKAIEKVGSRGGSTAKPVVIADCGQLS"
ABF18677.1,cyclophilin3B_indica,"MASSGGAAISAGPTPPSAAAASSSVDWHLRPPNPKNPVVFFDVTIGSIPAGRIKMELFADIVPKTAENFR
QFCTGEHRKSGLPQGYKGCQFHRVIKDFMIQGGDYMKGDGTGCTSIYGTKFDDENFIAKHTGPGLLSMAN
SGVNSNGSQFFITCAKCEWLDNKHVVFGRVLGDGMLAVRKIENVATGPNNRPKLACVISECGEM"
CAA33873.1,actin_indica_1,"MADAEDIQPLVCDNGTGMVKAGLAGDDAPRAVFPSIVGRPRHTGVMVGMGQKDAYVGDEAQSKRGILTLK
YPIEHGIVSNWDDMEKIWHHTFYNELRVAPEEHPILLTEAPLNPKANREKMTQIMFETFTLHVPAMYVAI
QAVLSLYASGRTTGIVLDSGDGVSHTVPIYEGYALPHAILRLDRAGRDLTDSLMKILTERGYSVTTPAER
EIAADIKEKLAYVRLDYEQELETAKSSSSVEKSYELPDGQVITIGAERFRCPEVMFQPSLIGMEAPGIHE
TTYNSIMKCDVDIRKDLYGNIVLSGGSTMFPGIRRPMSKEDHRAAPSSMKIKVVAPPERKYSVWIGGSIL
ASLSTFQQVWISRAEYEESGPAIVHRKCF"
CAA33871.1,actin_indica_2,"MADGEMIQPLVCDNGTGMVKAGFAGDDAPRAVFPSIVGQPRHTGVMVGMGQKDAYVGDEAQSKRGILTLK
YPIEHGMWNNWDDMEKIWHHTFYNELRVLPEEHPILLTEAPLNQRANREKMTQIMFETFNAPAMYVAIQA
VLSLYASGRTTGMVLDSGDGVTHTVPIYEGYALPHAILRLDLAGRDLTDCLMKILTERGYSFTTTAERES
VRDIKEKLAYIALDYEQELRVAKSSSSVEKSYEVADGQVITIGAREVQCPELFQPSLIGMEAPGIHETTY
NSVMKCEVDIRKDLYGNIVLSGGTTMFPGIADRMSKEDYALAPSSMKIKVVAPPERKYSVWIGGSILASL
STFQQMWISKGEYDESGPSIVHRKCF"
CAA33874.1,actin_indica_3,"MADAEDIQPLVCDNGTGMVKAGFAGDDAPRAVFPSIVGRPRHTGVMVGMGQKDAYVGDEAQSKRGILTLK
YPIEHGIVSNWDDMEKIWHHTFYNELRVAPEEHPVLLTEAPLNPKANREKMTQIMFETFNTPAMYVAIQA
VLSLYASGRTQGIVLDSGDGVSHTVPIYEGYALPHAILRLDLAGRDLTDYLMKILTERGYSFTTTAEREI
VRDMKEKLSYIALDYDQEMETAKTSSSVEKSYELPDGQVITIGAERFRCPEVLFQPSFIGMEAAGIHETT
YNSIMKCDVDIRKDLYGNIVLSGGTTMFPGIADRMSKEDHCLAPSSMKIKVVAPPERKYSVWIGGSILAS
LSTFQQMWIAKAEYDESGPSIVHRKCF"
AAA33900.1,calmodulin_indica,"MADQLTDDQIAEFKEAFSLFDKDGDGCITTKELGTVMRSLGQNPTEAELQDMINEVDADGNGTIDFPEFL
NLMARKMKDTDSEEELKEAFRVFDKDQNGFISAAELRHVMTNLGEKLTDEEVDEMIREADVDGDGQINYD
EFVKVMMAK"
